batch_size,prompt_len,mem_allocated_gb,kv_cache_overhead_gb,status
1,2048,16.888940032,0.7948538880000022,ok
2,2048,17.681663488,1.5875773440000032,ok
4,2048,19.269207552,3.1751214080000025,ok
8,2048,22.44429568,6.350209536000001,ok
16,2048,,,OOM
